,Diretor,Entidade,CPF,Link,Consulta
1,JosRicMonCav,FIEC,NA,"https://web.archive.org/web/20220611012512/http://www.consultasocio.com/q/sa/jose-ricardo-montenegro-cavalcante,http://web.archive.org/web/20220611012643/http://www.consultasocio.com/q/sa/jose-ricardo-montenegro-cavalcante?page=2","http://www.consultasocio.com/q/sa/jose-ricardo-montenegro-cavalcante?page=1,http://www.consultasocio.com/q/sa/jose-ricardo-montenegro-cavalcante?page=2"
2,CarPrad,FIEC,220518,https://web.archive.org/web/20220611011856/http://www.consultasocio.com/q/sa/carlos-prado,http://www.consultasocio.com/q/sa/carlos-prado
3,AndrMontHol,FIEC,NA,https://web.archive.org/web/20220611013401/http://www.consultasocio.com/q/sa/andre-montenegro-de-holanda,http://www.consultasocio.com/q/sa/andre-montenegro-de-holanda
4,RosOlvMed,FIEC,NA,https://web.archive.org/web/20220611132845/http://www.consultasocio.com/q/sa/roseane-oliveira-de-medeiros,http://www.consultasocio.com/q/sa/roseane-oliveira-de-medeiros
5,JaiBell,FIEC,NA,https://web.archive.org/web/20220611133041/http://www.consultasocio.com/q/sa/jaime-bellicanta,http://www.consultasocio.com/q/sa/jaime-bellicanta
6,LFJuEst,FIEC,NA,"https://web.archive.org/web/20220611014100/http://www.consultasocio.com/q/sa/luiz-francisco-juacaba-esteves,https://web.archive.org/web/20220611014224/http://www.consultasocio.com/q/sa/luiz-francisco-juacaba-esteves?page=2","http://www.consultasocio.com/q/sa/luiz-francisco-juacaba-esteves,http://www.consultasocio.com/q/sa/luiz-francisco-juacaba-esteves?page=2"
7,GerMPin,FIEC,NA,https://web.archive.org/web/20220611142646/http://www.consultasocio.com/q/sa/germano-maia-pinto,http://www.consultasocio.com/q/sa/germano-maia-pinto
8,EdGadPF,FIEC,NA,https://web.archive.org/web/20220611133207/http://www.consultasocio.com/q/sa/edgar-gadelha-pereira-filho,http://www.consultasocio.com/q/sa/edgar-gadelha-pereira-filho
9,CaRuAA,FIEC,NA,https://web.archive.org/web/20220611142805/http://www.consultasocio.com/q/sa/carlos-rubens-araujo-alencar,http://www.consultasocio.com/q/sa/carlos-rubens-araujo-alencar
10,PedrAlcRegLim,FIEC,NA,"https://web.archive.org/web/20220611133305/http://www.consultasocio.com/q/sa/pedro-alcantara-rego-de-lima,https://web.archive.org/web/20220611133405/http://www.consultasocio.com/q/sa/pedro-alcantara-rego-de-lima?page=3,https://web.archive.org/web/20220611133506/http://www.consultasocio.com/q/sa/pedro-alcantara-rego-de-lima?page=4,https://web.archive.org/web/20220611133611/http://www.consultasocio.com/q/sa/pedro-alcantara-rego-de-lima?page=5,https://web.archive.org/web/20220611133811/http://www.consultasocio.com/q/sa/pedro-alcantara-rego-de-lima?page=6,https://web.archive.org/web/20220611133906/http://www.consultasocio.com/q/sa/pedro-alcantara-rego-de-lima?page=7,https://web.archive.org/web/20220611134006/http://www.consultasocio.com/q/sa/pedro-alcantara-rego-de-lima?page=9,https://web.archive.org/web/20220611134110/http://www.consultasocio.com/q/sa/pedro-alcantara-rego-de-lima?page=10,https://web.archive.org/web/20220611134220/http://www.consultasocio.com/q/sa/pedro-alcantara-rego-de-lima?page=11,https://web.archive.org/web/20220611134316/http://www.consultasocio.com/q/sa/pedro-alcantara-rego-de-lima?page=12,https://web.archive.org/web/20220611134409/http://www.consultasocio.com/q/sa/pedro-alcantara-rego-de-lima?page=13,https://web.archive.org/web/20220611142914/http://www.consultasocio.com/q/sa/pedro-alcantara-rego-de-lima?page=2,https://web.archive.org/web/20220611143106/http://www.consultasocio.com/q/sa/pedro-alcantara-rego-de-lima?page=8,https://web.archive.org/web/20220611143207/http://www.consultasocio.com/q/sa/pedro-alcantara-rego-de-lima?page=14,https://web.archive.org/web/20220611143304/http://www.consultasocio.com/q/sa/pedro-alcantara-rego-de-lima?page=15,https://web.archive.org/web/20220611143424/http://www.consultasocio.com/q/sa/pedro-alcantara-rego-de-lima?page=16,https://web.archive.org/web/20220611143605/http://www.consultasocio.com/q/sa/pedro-alcantara-rego-de-lima?page=17,https://web.archive.org/web/20220611143805/http://www.consultasocio.com/q/sa/pedro-alcantara-rego-de-lima?page=18","http://www.consultasocio.com/q/sa/pedro-alcantara-rego-de-lima,http://www.consultasocio.com/q/sa/pedro-alcantara-rego-de-lima?page=2,http://www.consultasocio.com/q/sa/pedro-alcantara-rego-de-lima?page=3,http://www.consultasocio.com/q/sa/pedro-alcantara-rego-de-lima?page=4,http://www.consultasocio.com/q/sa/pedro-alcantara-rego-de-lima?page=5,http://www.consultasocio.com/q/sa/pedro-alcantara-rego-de-lima?page=6,http://www.consultasocio.com/q/sa/pedro-alcantara-rego-de-lima?page=7,http://www.consultasocio.com/q/sa/pedro-alcantara-rego-de-lima?page=8,http://www.consultasocio.com/q/sa/pedro-alcantara-rego-de-lima?page=9,http://www.consultasocio.com/q/sa/pedro-alcantara-rego-de-lima?page=10,http://www.consultasocio.com/q/sa/pedro-alcantara-rego-de-lima?page=11,http://www.consultasocio.com/q/sa/pedro-alcantara-rego-de-lima?page=12,http://www.consultasocio.com/q/sa/pedro-alcantara-rego-de-lima?page=13,http://www.consultasocio.com/q/sa/pedro-alcantara-rego-de-lima?page=14,http://www.consultasocio.com/q/sa/pedro-alcantara-rego-de-lima?page=15,http://www.consultasocio.com/q/sa/pedro-alcantara-rego-de-lima?page=16,http://www.consultasocio.com/q/sa/pedro-alcantara-rego-de-lima?page=17,http://www.consultasocio.com/q/sa/pedro-alcantara-rego-de-lima?page=18"
11,MarcAurNorTav,,NA,"https://web.archive.org/web/20220611134605/http://www.consultasocio.com/q/sa/marco-aurelio-noroes-tavares?page=2,https://web.archive.org/web/20220611143909/http://www.consultasocio.com/q/sa/marco-aurelio-noroes-tavares","http://www.consultasocio.com/q/sa/marco-aurelio-noroes-tavares,http://www.consultasocio.com/q/sa/marco-aurelio-noroes-tavares?page=2"
12,,,NA,https://web.archive.org/web/20220611134706/http://www.consultasocio.com/q/sa/rafael-barroso-cabral,http://www.consultasocio.com/q/sa/rafael-barroso-cabral
13,,,NA,"https://web.archive.org/web/20220611134819/http://www.consultasocio.com/q/sa/benildo-aguiar,https://web.archive.org/web/20220611134911/http://www.consultasocio.com/q/sa/benildo-aguiar?page=2","http://www.consultasocio.com/q/sa/benildo-aguiar,http://www.consultasocio.com/q/sa/benildo-aguiar?page=2"
14,,,NA,https://web.archive.org/web/20220611135002/http://www.consultasocio.com/q/sa/francisco-eulalio-santiago-costa,http://www.consultasocio.com/q/sa/francisco-eulalio-santiago-costa
15,,,NA,https://web.archive.org/web/20220611144010/http://www.consultasocio.com/q/sa/flavio-noberto-de-lima-oliveira,http://www.consultasocio.com/q/sa/flavio-noberto-de-lima-oliveira
16,,,NA,https://web.archive.org/web/20220611135103/http://www.consultasocio.com/q/sa/angelo-marcio-nunes-de-oliveira,http://www.consultasocio.com/q/sa/angelo-marcio-nunes-de-oliveira
17,,,NA,https://web.archive.org/web/20220611144106/http://www.consultasocio.com/q/sa/maria-de-fatima-facundo-soares,http://www.consultasocio.com/q/sa/maria-de-fatima-facundo-soares
18,,,NA,https://web.archive.org/web/20220611135209/http://www.consultasocio.com/q/sa/jose-antunes-fonseca-da-mota,http://www.consultasocio.com/q/sa/jose-antunes-fonseca-da-mota
19,,,NA,https://web.archive.org/web/20220611135307/http://www.consultasocio.com/q/sa/francisco-ozina-lima-costa,http://www.consultasocio.com/q/sa/francisco-ozina-lima-costa
20,,,NA,https://web.archive.org/web/20220611135435/http://www.consultasocio.com/q/sa/andre-de-freitas-siqueira,http://www.consultasocio.com/q/sa/andre-de-freitas-siqueira
21,,,NA,https://web.archive.org/web/20220611144209/http://www.consultasocio.com/q/sa/francisco-lelio-matias-pereira,http://www.consultasocio.com/q/sa/francisco-lelio-matias-pereira
22,,,NA,https://web.archive.org/web/20220611144315/http://www.consultasocio.com/q/sa/lauro-martins-de-oliveira-filho,http://www.consultasocio.com/q/sa/lauro-martins-de-oliveira-filho
23,,,NA,https://web.archive.org/web/20220611144406/http://www.consultasocio.com/q/sa/aluisio-da-silva-ramalho-filho,http://www.consultasocio.com/q/sa/aluisio-da-silva-ramalho-filho
24,,,NA,https://web.archive.org/web/20220611135606/http://www.consultasocio.com/q/sa/paulo-cesar-vieira-gurgel,"http://www.consultasocio.com/q/sa/paulo-cesar-vieira-gurgel,http://www.consultasocio.com/q/sa/paulo-cesar-vieira-gurgel"
25,,,NA,"https://web.archive.org/web/20220611135808/http://www.consultasocio.com/q/sa/marcos-silva-montenegro?page=2,https://web.archive.org/web/20220611144513/http://www.consultasocio.com/q/sa/marcos-silva-montenegro","http://www.consultasocio.com/q/sa/marcos-silva-montenegro,http://www.consultasocio.com/q/sa/marcos-silva-montenegro?page=2"
26,,,NA,https://web.archive.org/web/20220611135904/http://www.consultasocio.com/q/sa/pedro-alfredo-da-silva-neto,http://www.consultasocio.com/q/sa/pedro-alfredo-da-silva-neto
27,,,NA,https://web.archive.org/web/20220611144605/http://www.consultasocio.com/q/sa/marcos-augusto-nogueira-de-albuquerque,http://www.consultasocio.com/q/sa/marcos-augusto-nogueira-de-albuquerque
28,,,NA,https://web.archive.org/web/20220611140004/http://www.consultasocio.com/q/sa/marcelo-guimaraes-tavares,http://www.consultasocio.com/q/sa/marcelo-guimaraes-tavares
29,,,NA,https://web.archive.org/web/20220611144702/http://www.consultasocio.com/q/sa/roberto-romero-ramos,http://www.consultasocio.com/q/sa/roberto-romero-ramos
30,,,NA,https://web.archive.org/web/20220611141337/http://www.consultasocio.com/q/sa/ricard-pereira-silveira,http://www.consultasocio.com/q/sa/ricard-pereira-silveira
